Wall time,Step,Value
1740945566.4663053,4,-5.06256628036499
1740945601.3829522,14,-2.4456677436828613
1740945604.8858328,15,-5.159737586975098
1740945615.3714035,18,344.81591796875
1740945618.945397,19,-5.0183892250061035
1740945643.2959793,26,-5.012688636779785
1740945646.8428066,27,-5.325371265411377
1740945692.333753,40,95.16786193847656
1740945716.976481,47,-4.889496326446533
1740945720.3575454,48,-4.824052333831787
1740945721.0725088,49,36.82283020019531
1740945738.5655475,54,94.62156677246094
1740945766.7706482,62,-4.850775718688965
1740945770.3408167,63,-4.893345355987549
1740945780.8274565,66,94.59439849853516
1740945784.3166723,67,95.43693542480469
1740945795.1036725,70,-5.080747127532959
1740945798.561295,71,-0.5408929586410522
1740945819.8141735,77,-4.995985984802246
1740945837.788025,82,-4.2775654792785645
1740945859.5712063,89,-5.098663806915283
1740945895.1741138,99,-5.263064861297607
1740945909.3728454,103,-5.195408821105957
1740945923.564469,107,-4.674286365509033
1740945973.3681004,121,2.66914963722229
1740945987.658792,125,-4.982204437255859
1740945991.103337,126,-4.823479175567627
1740945998.3447082,128,-5.213400840759277
1740946005.500288,130,-5.157270908355713
1740946026.6763463,136,-4.91428804397583
1740946055.4130747,144,-5.239243984222412
1740946062.4592547,146,94.76486206054688
1740946066.186696,147,-5.089618682861328
1740946076.77984,150,-4.8484206199646
1740946101.7634878,157,-4.836686611175537
1740946112.4267366,160,-5.281666278839111
1740946119.788584,162,-5.181910037994385
1740946126.9534004,164,-4.959023475646973
1740946152.8326826,171,-4.98473596572876
1740946156.495173,172,-5.286073207855225
1740946174.8979914,177,-4.750930309295654
1740946200.4018586,184,-4.764181613922119
1740946203.9780943,185,-5.370172500610352
1740946225.9363577,191,-5.301922798156738
1740946229.4803452,192,-4.965978622436523
1740946269.8734508,203,345.0281982421875
1740946277.178486,205,-3.6017441749572754
1740946303.954562,213,-4.604294776916504
1740946311.2091517,215,0.7887513637542725
1740946344.2636545,224,-5.413510799407959
1740946362.8423953,229,6.902113437652588
1740946418.2964597,244,2.7121710777282715
1740946421.916067,245,-1.3932759761810303
1740946468.8191237,258,-4.607133865356445
1740946472.3523352,259,-2.3622708320617676
1740946476.1069882,260,-5.0455851554870605
1740946515.8586385,271,-5.171926021575928
1740946526.6951292,274,-2.5663704872131348
1740946541.1132033,278,-5.012153148651123
1740946555.7428215,282,-5.311657905578613
1740946566.9818172,285,-4.720739841461182
1740946578.2397804,288,-5.061402797698975
1740946585.671401,290,58.14181900024414
1740946604.5682924,295,-4.6502838134765625
1740946612.044629,297,344.64837646484375
1740946615.7100236,298,-5.030736923217773
1740946654.2219274,308,-4.587332248687744
1740946669.5321617,312,-4.381906509399414
1740946684.9638724,316,-1.9356871843338013
1740946689.605616,318,0.6938698291778564
1740946693.339022,319,95.150146484375
1740946704.8815353,322,-3.4230215549468994
1740946763.0427423,337,-5.376786231994629
1740946794.2145116,345,-4.119533538818359
1740946796.1687634,346,80.90443420410156
1740946841.0044198,358,-3.8524677753448486
1740946864.2737296,364,-4.257868766784668
1740946868.2386847,365,153.5836181640625
1740946872.1711411,366,-4.267513751983643
1740946919.563419,378,-4.856817722320557
1740946952.1580272,386,58.00627517700195
1740946967.3160012,390,-4.384278774261475
1740946975.3272753,392,-3.3985679149627686
1740946995.751973,397,-2.853522300720215
1740947016.2291837,402,-5.806917190551758
1740947024.4108112,404,4.604436874389648
1740947069.7284708,415,3.2262039184570312
1740947094.3219805,421,-4.81758975982666
1740947098.4491317,422,-4.758114814758301
1740947154.4014387,436,-4.0751800537109375
1740947158.4411535,437,-5.614364147186279
1740947167.0202184,439,-3.3846468925476074
1740947187.7855194,444,-4.460756778717041
1740947192.7272475,446,36.94552230834961
1740947217.6374598,452,-5.226962566375732
1740947234.2591264,456,-4.980105400085449
1740947255.232498,461,-0.3112289011478424
1740947271.7673507,465,57.273719787597656
1740947284.044168,468,-4.412686824798584
1740947292.5643907,470,44.2969970703125
1740947309.0717835,474,-2.392815589904785
1740947313.3167899,475,-3.1636977195739746
1740947334.0517805,480,-5.445263385772705
1740947338.3294728,481,0.42437413334846497
1740947363.3264284,487,-4.758683204650879
1740947392.563257,494,-4.180742263793945
1740947460.084933,510,-3.9410650730133057
1740947468.3809378,512,-4.761725902557373
1740947472.6345322,513,-4.983395576477051
1740947477.6932163,514,24.000690460205078
1740947490.3825154,517,-2.8534772396087646
1740947498.7153788,519,21.823213577270508
1740947553.9429178,533,94.91548156738281
1740947558.5220077,534,-2.8027806282043457
1740947566.8646894,536,-5.263140678405762
1740947575.105113,538,58.07146072387695
1740947583.5609448,540,-4.013214111328125
1740947600.1463048,544,-5.51532506942749
1740947608.6466472,546,-2.4575624465942383
1740947625.2202058,550,345.0557556152344
1740947633.587442,552,5.598299503326416
1740947650.5538535,556,30.162670135498047
1740947675.5528934,562,-5.1431684494018555
1740947684.0163558,564,-5.0581464767456055
1740947701.1639054,568,94.76385498046875
1740947761.9072132,584,36.852806091308594
1740947766.0692713,585,12.38766098022461
1740947778.3081374,588,49.40652084350586
1740947786.6436567,590,-4.890655517578125
1740947803.5601835,594,-3.4392929077148438
1740947812.0318887,596,-1.4603254795074463
1740947862.4919345,608,2.5911107063293457
1740947883.5237713,613,13.283299446105957
1740947887.6980417,614,7.3468146324157715
1740947921.4105606,622,11.743409156799316
1740947925.8454173,623,13.33784294128418
1740947947.2295256,628,17.23941993713379
1740947951.3598363,629,-1.0990897417068481
1740947968.1936905,633,-3.739135503768921
1740947985.0321267,637,-3.988192319869995
1740948010.2057464,643,-5.307271957397461
1740948014.488856,644,21.111522674560547
1740948033.585723,649,79.41205596923828
1740948041.9173698,651,21.033710479736328
1740948071.5386086,658,-5.081827163696289
1740948079.902102,660,58.318458557128906
1740948109.4760942,667,-3.374924898147583
1740948143.686853,675,-3.9534125328063965
1740948147.9054625,676,14.054769515991211
1740948182.731001,684,-5.505673885345459
1740948216.9204562,692,14.82844066619873
1740948225.370792,694,7.250467300415039
1740948293.5424328,710,46.028541564941406
1740948340.566734,721,-5.149232387542725
1740948349.3168397,723,17.445676803588867
1740948357.8384895,725,-4.655324935913086
1740948362.125141,726,-4.903078079223633
1740948370.6624813,728,-5.133022785186768
1740948374.8856728,729,13.06084156036377
1740948383.5105855,731,-4.769558429718018
1740948387.7448597,732,-5.413694858551025
1740948392.055071,733,-4.389880657196045
1740948413.2286546,738,29.30710220336914
1740948439.0387352,744,18.221675872802734
1740948522.170735,764,30.458829879760742
1740948556.8860211,772,-3.7256481647491455
1740948569.635263,775,53.29795837402344
1740948573.7838123,776,-4.565526008605957
1740948582.4109473,778,20.603023529052734
1740948590.8060825,780,19.18102264404297
1740948599.2855542,782,-1.6139912605285645
1740948624.7126622,788,31.5189266204834
1740948689.928044,804,27.1021785736084
1740948694.256289,805,95.02836608886719
1740948702.7252703,807,-4.307350158691406
1740948712.2601874,810,95.16642761230469
1740948746.1901693,818,16.115440368652344
1740948750.472421,819,17.96926498413086
1740948788.6344638,828,14.029380798339844
1740948805.8990235,832,32.47322463989258
1740948840.0867321,840,95.11409759521484
1740948852.8837268,843,94.92694091796875
1740948861.5204966,845,-4.221798896789551
1740948913.1556108,857,22.45343017578125
1740948935.0604978,862,22.83781623840332
1740948952.3865838,866,0.6846156716346741
1740948974.1612191,871,-3.8235554695129395
1740949021.218622,884,36.95698165893555
1740949029.8547072,886,-4.936326026916504
1740949055.4020126,892,23.778350830078125
1740949068.5104342,895,266.0472717285156
1740949077.257424,897,-4.242208003997803
1740949094.6430724,901,21.71419906616211
1740949098.983218,902,1.6002297401428223
1740949125.0895348,908,4.235075950622559
1740949212.07364,928,94.61614990234375
1740949221.8882654,930,-3.757343053817749
1740949232.7703116,932,-3.6014583110809326
1740949280.0253217,942,10.70175552368164
1740949313.0512137,949,24.870132446289062
1740949343.268143,955,21.46558952331543
1740949380.8606472,963,19.242403030395508
1740949454.7509255,979,86.09014129638672
1740949468.9367993,982,-5.248546123504639
1740949488.3084066,986,-4.946476936340332
1740949516.741673,992,94.7367172241211
1740949526.03375,994,13.513419151306152
1740949549.9297223,999,-0.46447527408599854
1740949564.5628467,1002,17.92658233642578
1740949572.155073,1004,26.504064559936523
1740949620.6235209,1015,-2.7206926345825195
1740949651.2551029,1022,-4.399359703063965
1740949670.3131332,1026,-3.723633289337158
1740949680.0603976,1028,28.09665870666504
1740949720.144484,1036,26.968307495117188
1740949725.237941,1037,-5.256988048553467
1740949834.4249966,1056,-2.73823618888855
1740949858.5145621,1060,-1.296882152557373
1740949917.665975,1070,-4.892049312591553
1740949923.6111834,1071,-2.0516786575317383
1740949935.963156,1073,-3.4999988079071045
1740949960.0990326,1077,95.06227111816406
1740950009.1473563,1086,36.842376708984375
1740950079.4388573,1098,2.614917516708374
1740950103.1002927,1102,-4.437896251678467
1740950115.0695918,1104,19.735445022583008
1740950132.9541152,1107,-3.3050222396850586
1740950145.0362573,1109,32.615177154541016
1740950158.25317,1111,7.6677937507629395
1740950211.0644917,1121,5.2561163902282715
1740950216.039762,1122,13.80968189239502
1740950235.073038,1125,13.91214656829834
1740950243.141727,1126,22.42949676513672
1740950262.2998977,1129,10.426560401916504
1740950281.7182221,1132,29.970857620239258
1740950294.9549243,1134,-2.050159454345703
1740950320.4651303,1139,36.35824966430664
1740950360.552385,1146,-4.622565746307373
1740950389.1142273,1151,26.567110061645508
1740950395.528275,1152,28.479616165161133
1740950464.9104743,1164,73.64649963378906
1740950523.883132,1174,27.852027893066406
1740950535.56038,1176,14.87182331085205
1740950541.212062,1177,33.295223236083984
1740950570.848468,1184,-4.484280586242676
1740950599.651329,1189,40.09870529174805
1740950616.5406134,1193,-3.607323169708252
1740950622.4166234,1194,37.4825553894043
1740950690.9725766,1206,72.90036010742188
1740950741.9919856,1214,27.70260238647461
1740950766.9350078,1218,3.4589037895202637
1740950800.6269102,1223,30.347871780395508
1740950813.8929992,1225,-4.757098197937012
1740950838.8337026,1229,43.78631591796875
1740950934.3993344,1244,19.673086166381836
1740950946.5058787,1246,35.258087158203125
1740950978.1748478,1251,95.11554718017578
1740950984.2965567,1252,20.68619155883789
1740950997.258126,1254,36.31544494628906
1740951019.3205335,1257,25.845752716064453
1740951044.962176,1261,14.358179092407227
1740951077.6562092,1267,36.811370849609375
1740951101.8793044,1271,22.073501586914062
1740951133.106046,1276,55.966548919677734
1740951166.3947718,1282,17.85239028930664
1740951186.2917588,1285,10.918424606323242
1740951215.509386,1290,72.59611511230469
1740951232.7234313,1293,-5.068594932556152
1740951263.5312963,1298,-4.388359546661377
1740951269.4581392,1299,-5.026258945465088
1740951287.6029115,1302,19.916921615600586
1740951310.9474244,1306,94.99695587158203
1740951364.3385427,1315,75.8499755859375
1740951401.1495318,1322,32.19932556152344
1740951419.1268632,1325,345.1761474609375
1740951424.6338062,1326,29.912328720092773
1740951477.8867366,1335,54.89723205566406
1740951537.408913,1345,36.326576232910156
1740951552.192177,1348,73.77632904052734
1740951588.128591,1354,31.000900268554688
1740951623.5684783,1360,37.36296081542969
1740951648.671814,1364,57.377620697021484
1740951713.1305153,1375,29.230228424072266
1740951718.6196313,1376,27.592880249023438
1740951743.028633,1380,41.3935432434082
1740951778.3067687,1386,78.2686538696289
1740951801.8272722,1390,27.621065139770508
1740951819.3519597,1393,33.928768157958984
1740951951.6254377,1417,32.0283088684082
1740952066.3043327,1436,11.800082206726074
1740952073.1398757,1438,32.05885696411133
1740952078.9545724,1439,81.30184173583984
1740952084.794486,1440,-6.107146263122559
1740952133.140647,1449,20.079025268554688
1740952180.3750296,1457,345.0906066894531
1740952186.2989364,1458,15.139324188232422
1740952197.7981699,1460,31.41017723083496
1740952203.6777987,1461,9.023961067199707
1740952287.1158395,1474,71.3121566772461
1740952297.380963,1476,151.53790283203125
1740952367.3512435,1487,15.460285186767578
1740952385.2976558,1490,24.00223731994629
1740952409.3960824,1494,49.41902542114258
1740952433.4189959,1498,68.12194061279297
1740952457.2693393,1502,71.6275405883789
1740952499.5143814,1509,34.518978118896484
1740952505.2961886,1510,78.89307403564453
1740952511.4628341,1511,345.2102355957031
1740952520.062998,1513,53.185523986816406
1740952538.859205,1516,40.81794357299805
1740952606.777473,1528,36.28769302368164
1740952635.4553032,1534,20.205984115600586
1740952651.1985748,1537,37.07361602783203
1740952656.5267344,1538,38.68925094604492
1740952709.9635985,1548,47.92249298095703
1740952725.286296,1551,73.31239318847656
1740952779.7432861,1562,-4.5953755378723145
1740952794.862583,1565,19.1268310546875
1740952811.4781163,1568,34.74718475341797
1740952838.1750846,1573,30.691566467285156
1740952855.5625951,1576,53.38784408569336
1740952897.4005797,1585,33.992252349853516
1740952959.8475747,1596,-4.831026077270508
1740952991.0778549,1601,0.9744933247566223
1740953002.7238617,1603,30.352554321289062
1740953128.554439,1627,48.45787048339844
1740953173.5175965,1635,16.652244567871094
1740953185.5507452,1637,30.5397891998291
1740953199.7805064,1640,-4.264053821563721
1740953237.4399183,1646,36.28676986694336
1740953242.5819798,1647,-4.515711784362793
1740953281.451467,1654,-3.096144199371338
1740953329.3174672,1662,208.0865478515625
1740953352.3276389,1666,34.91415786743164
1740953374.984339,1670,35.66019821166992
1740953399.1881263,1674,54.51915740966797
1740953417.1957767,1677,-3.096026659011841
1740953427.4491622,1679,70.1424560546875
1740953461.1546297,1685,32.9358024597168
1740953512.7014868,1694,34.43742752075195
1740953553.262997,1702,33.18910598754883
1740953564.3368273,1704,50.0501823425293
1740953579.59235,1707,50.277889251708984
1740953591.3670485,1709,77.82010650634766
1740953597.5287175,1710,24.039344787597656
1740953603.8789039,1711,-5.122021675109863
1740953646.6211786,1718,81.85904693603516
1740953669.0485165,1722,9.427215576171875
1740953673.205736,1723,101.95976257324219
1740953714.2070541,1730,17.73624610900879
1740953758.8623273,1738,30.860206604003906
1740953763.7074635,1739,35.45372009277344
1740953783.1599112,1743,-4.842740535736084
1740953793.4489157,1745,26.2779541015625
1740953844.9345698,1754,47.55183029174805
1740953903.1286764,1765,35.82988357543945
1740953957.5238078,1775,41.623477935791016
1740953969.3999524,1777,45.612213134765625
1740954007.4424825,1784,29.241683959960938
1740954013.3049152,1785,46.923038482666016
1740954037.40831,1789,140.1224365234375
1740954056.1317706,1792,159.3746337890625
1740954080.2301707,1796,33.063480377197266
1740954103.1019733,1800,13.523738861083984
1740954210.229677,1819,160.0641632080078
1740954232.4411318,1823,108.23775482177734
1740954265.585849,1830,100.51171112060547
1740954300.4343183,1836,78.10539245605469
1740954312.1470416,1838,196.9456329345703
1740954365.885869,1847,16.590721130371094
1740954390.290504,1851,94.86817932128906
1740954443.0677788,1860,12.779613494873047
1740954470.0659013,1865,106.56741333007812
1740954475.7545376,1866,147.29833984375
1740954481.6546407,1867,26.56842803955078
1740954574.655769,1883,94.77901458740234
1740954604.964166,1888,68.59883117675781
1740954642.6806622,1895,94.20368957519531
1740954664.0710154,1899,33.65605545043945
1740954680.6967056,1902,148.67225646972656
1740954713.0005882,1908,48.719261169433594
1740954716.932433,1909,68.16809844970703
1740954722.970084,1910,30.662273406982422
1740954740.230663,1913,38.207359313964844
1740954767.4097044,1918,34.33696365356445
1740954801.3230135,1924,140.81942749023438
1740954807.2813747,1925,47.495540618896484
1740954854.1986914,1935,29.889930725097656
1740954857.1387806,1936,58.457515716552734
1740954878.1671722,1940,36.76875305175781
1740954883.754959,1941,36.43997573852539
1740954906.8914063,1945,103.11223602294922
1740954918.2165358,1947,59.26339340209961
1740954952.656795,1953,33.58681869506836
1740954966.8246453,1956,43.3326530456543
1740954988.1701117,1960,48.609928131103516
1740954993.9220505,1961,47.52079772949219
1740955005.576843,1963,-4.052482604980469
1740955011.4729474,1964,38.57417297363281
1740955023.0435047,1966,45.067359924316406
1740955083.559084,1977,70.4161376953125
1740955095.114436,1979,52.05682373046875
1740955134.8674207,1987,37.8464241027832
1740955139.4237835,1988,145.23675537109375
1740955152.0260963,1991,52.32500457763672
1740955331.5886567,2026,47.532047271728516
1740955386.0340087,2036,-4.63213586807251
1740955445.8154693,2047,77.70592498779297
1740955476.627474,2054,41.408180236816406
1740955479.2139678,2055,68.3108139038086
1740955539.4931817,2067,-5.052088737487793
1740955555.2748935,2070,96.74383544921875
1740955590.6665256,2079,53.47402572631836
1740955634.338001,2089,2.2877371311187744
1740955661.5491421,2097,22.265127182006836
1740955666.5461106,2098,-4.94810152053833
1740955672.3411908,2100,36.83720397949219
1740955687.8727994,2103,154.58541870117188
1740955716.864748,2109,-4.467008113861084
1740955736.32513,2114,71.45380401611328
1740955741.5855403,2115,-5.13882303237915
1740955758.81994,2119,69.52428436279297
1740955763.857725,2120,32.193180084228516
1740955799.5466022,2127,42.4943733215332
1740955840.9949672,2136,72.45549774169922
1740955855.0433784,2139,201.82920837402344
1740955895.9327824,2149,37.73678207397461
1740955939.0471373,2159,145.35321044921875
1740955980.2054095,2169,77.31185913085938
1740956063.9956543,2187,-4.939955711364746
1740956084.284526,2194,93.64057922363281
1740956111.7577026,2201,97.49845123291016
1740956118.6514885,2203,35.966251373291016
1740956146.840098,2209,29.49633026123047
1740956155.3637896,2211,70.0350112915039
1740956166.9766488,2214,72.10297393798828
1740956171.5779495,2215,120.2933578491211
1740956199.5475922,2221,45.21461868286133
1740956214.4125867,2225,-5.31488561630249
1740956263.1894171,2236,91.45519256591797
1740956277.5897555,2239,111.55265045166016
1740956299.558909,2244,-4.073204517364502
1740956357.6024451,2257,-3.9418604373931885
1740956457.921187,2281,20.144323348999023
1740956533.33971,2300,27.20829200744629
1740956554.205988,2305,114.68569946289062
1740956557.3183584,2306,100.22212219238281
1740956599.3782296,2316,39.63327407836914
1740956608.0807688,2319,65.46268463134766
1740956626.2938764,2324,61.448585510253906
1740956662.208602,2332,256.17718505859375
1740956676.1037936,2335,88.5757827758789
1740956700.9641151,2342,34.554344177246094
1740956719.5972981,2346,6.10198450088501
1740956743.439317,2352,34.59937286376953
1740956774.3779395,2359,219.55300903320312
1740956832.4565804,2373,41.31708526611328
1740956877.9874563,2384,47.216064453125
1740956898.87921,2389,65.29122924804688
1740956917.9147127,2393,50.97603988647461
1740956922.5848477,2394,215.8749542236328
1740956936.5688944,2397,326.96783447265625
1740956941.6283329,2398,72.6692886352539
1740957063.1410143,2428,160.93792724609375
1740957075.0416083,2431,60.925540924072266
1740957093.8295808,2435,34.02055740356445
1740957098.4732192,2436,69.13126373291016
1740957115.8772042,2441,59.13624954223633
1740957120.3642561,2442,111.08075714111328
1740957170.8461325,2454,29.175952911376953
1740957205.5007138,2462,78.16874694824219
1740957212.999944,2464,81.14662170410156
1740957216.9276524,2465,91.3385238647461
1740957294.030836,2485,50.123172760009766
1740957332.0639641,2493,41.651161193847656
1740957351.7148333,2498,82.19599151611328
1740957360.9568644,2500,38.131107330322266
1740957374.7285275,2503,69.47478485107422
1740957381.321229,2505,34.720375061035156
1740957385.9800966,2506,100.44792938232422
1740957413.520369,2513,36.986000061035156
1740957427.9137492,2517,73.26032257080078
1740957431.1470492,2518,131.06410217285156
1740957435.7300985,2519,41.816192626953125
1740957442.6698048,2521,56.71872329711914
1740957452.0425513,2523,240.86123657226562
1740957469.5969517,2528,78.05770111083984
1740957475.3909953,2530,222.86196899414062
1740957507.472908,2538,68.81487274169922
1740957620.1945672,2565,-4.868167877197266
1740957624.8086512,2566,38.83381271362305
1740957631.0786905,2568,58.47845458984375
1740957662.7855723,2577,194.09410095214844
1740957663.9223626,2578,50.2205924987793
1740957689.9031816,2585,84.93370056152344
1740957703.2001452,2588,82.578369140625
1740957707.952042,2589,345.0303039550781
1740957716.3935342,2592,66.1628189086914
1740957748.3059294,2599,137.78440856933594
1740957758.875701,2601,-4.993898391723633
1740957782.8177412,2606,6.583238124847412
1740957837.20285,2618,47.17647171020508
1740957842.6390388,2619,25.889968872070312
1740957875.2859805,2627,216.3585968017578
1740957879.9381258,2628,41.853267669677734
1740957905.5219522,2635,57.30095672607422
1740957917.700942,2638,70.63716888427734
1740957922.2906525,2639,8.696260452270508
1740957927.2702582,2640,16.06464195251465
1740957938.8509614,2643,-1.3330761194229126
1740958011.7249668,2662,-1.7819548845291138
1740958043.4989257,2670,50.548362731933594
1740958048.1372483,2671,271.61181640625
1740958063.8281074,2674,9.45849323272705
1740958089.9254029,2681,96.5765609741211
1740958101.4970758,2684,57.945945739746094
1740958107.607105,2686,71.7760238647461
1740958115.2246592,2689,32.40771484375
1740958128.939059,2693,72.01593017578125
1740958163.4357557,2702,69.2326431274414
1740958191.3945334,2708,-4.565424919128418
1740958207.7610123,2712,236.24777221679688
1740958212.4576461,2713,-3.6537625789642334
1740958226.490813,2717,-4.820390701293945
1740958229.922638,2718,76.27676391601562
1740958234.5644748,2719,45.89664840698242
1740958254.525956,2724,-4.530322551727295
1740958276.5946424,2729,61.81593704223633
1740958279.2817392,2730,86.12271881103516
1740958297.624376,2734,135.52064514160156
1740958319.4128504,2739,88.57386016845703
1740958324.0452135,2740,275.01116943359375
1740958328.8141632,2741,40.57453155517578
1740958340.399192,2744,54.60281753540039
1740958375.4059577,2753,49.35382080078125
1740958380.0828564,2754,145.34361267089844
1740958384.264613,2755,77.34111022949219
1740958402.4577,2760,57.1407470703125
1740958426.1803174,2765,16.06797218322754
1740958439.039806,2768,63.488468170166016
1740958453.1326785,2771,81.30509948730469
1740958458.1180365,2773,66.6043472290039
1740958467.3191721,2775,143.1913604736328
1740958481.5952044,2778,33.504302978515625
1740958513.7291427,2785,44.400882720947266
1740958567.806449,2797,12.222737312316895
1740958574.4549809,2799,58.68834686279297
1740958632.9229164,2812,69.9400863647461
1740958637.5465777,2813,308.95684814453125
1740958681.1198149,2824,90.28258514404297
1740958725.2431283,2834,82.0162582397461
1740958731.800066,2836,152.1337432861328
1740958738.2062237,2838,70.07174682617188
1740958767.1762974,2844,-1.8111240863800049
1740958795.5082932,2851,58.47247314453125
1740958800.1258073,2852,124.81209564208984
1740958822.9427378,2857,172.81394958496094
1740958839.8263557,2861,-5.6470184326171875
1740958844.4536717,2862,103.04070281982422
1740958862.4117281,2866,8.406416893005371
1740958915.6025915,2879,37.778995513916016
1740958924.8705993,2881,170.4433135986328
1740958929.4583943,2882,107.36296081542969
1740958965.0974042,2891,67.37813568115234
1740958974.5069296,2893,68.854248046875
1740958984.51693,2895,75.34455108642578
1740959017.216724,2903,80.14620208740234
1740959051.208587,2911,-1.1904102563858032
1740959065.3747256,2914,-4.907356262207031
1740959069.97458,2915,65.35057830810547
1740959078.3288531,2918,79.547119140625
1740959085.1881478,2920,292.5362854003906
1740959089.8185613,2921,87.97109985351562
1740959103.5320415,2924,102.25430297851562
1740959131.431948,2930,73.31379699707031
1740959147.9472034,2934,112.927734375
1740959152.5746155,2935,175.0800018310547
1740959213.503553,2949,345.3929138183594
1740959227.4883633,2952,52.95669174194336
1740959241.8672273,2955,85.60993957519531
1740959270.657616,2962,70.1756820678711
1740959284.5751696,2965,172.06427001953125
1740959294.062356,2967,99.56421661376953
1740959319.094155,2973,-5.421592712402344
1740959333.2003226,2978,45.92781448364258
1740959360.0702615,2984,97.41309356689453
1740959369.70139,2986,105.54227447509766
1740959401.2429993,2993,133.3110809326172
1740959412.433879,2996,76.00021362304688
1740959421.6983957,2998,249.0503387451172
1740959426.4061434,2999,67.2310791015625
1740959435.4020545,3002,138.25457763671875
1740959472.062452,3010,91.80960845947266
1740959509.3111796,3019,191.07540893554688
1740959530.6857247,3024,74.10629272460938
1740959553.8148773,3029,100.56543731689453
1740959576.6500216,3034,75.75177001953125
1740959633.0756197,3047,33.52934646606445
1740959640.0600867,3049,-3.9275875091552734
1740959678.3373113,3059,22.840791702270508
1740959706.5696628,3066,102.89865112304688
1740959715.1361017,3069,65.74861907958984
1740959733.3970623,3074,74.87234497070312
1740959769.283255,3083,35.95365905761719
1740959773.4842584,3084,102.95783233642578
1740959801.649572,3090,123.29483795166016
1740959825.91071,3096,55.281532287597656
1740959836.5873795,3099,60.50841522216797
1740959853.7555192,3103,43.7710075378418
1740959858.3393538,3104,100.57133483886719
1740959859.1829422,3105,36.96709442138672
1740959868.481818,3107,29.87770652770996
1740959878.990148,3111,61.6606330871582
1740959891.4486694,3114,345.0846862792969
1740959894.7631977,3115,97.93023681640625
1740959911.4270976,3119,-1.0331224203109741
1740959913.566733,3120,66.08626556396484
1740959917.0796995,3121,106.58138275146484
1740959937.4720676,3126,65.541015625
1740959946.6913667,3128,262.08355712890625
1740959989.5646904,3138,89.13387298583984
1740960020.321856,3145,-0.5141614675521851
1740960051.9934025,3152,121.96844482421875
1740960066.2248938,3155,79.61405181884766
1740960143.9064922,3173,61.54457092285156
1740960162.3501747,3178,194.9401397705078
1740960202.2751749,3187,96.19500732421875
1740960215.1906266,3190,-4.69848108291626
1740960224.4822304,3192,74.70677185058594
1740960254.6116862,3199,90.7221908569336
1740960273.361671,3203,74.4322738647461
1740960277.9994032,3204,44.29393768310547
1740960309.706859,3212,55.80237579345703
1740960325.3733802,3216,45.73369598388672
1740960330.0997944,3217,111.24101257324219
1740960340.3011153,3220,29.665813446044922
1740960347.8302093,3222,86.3433609008789
1740960377.9543827,3229,36.37251281738281
1740960395.768022,3233,102.04486083984375
1740960412.063864,3237,42.42416000366211
1740960428.257104,3241,70.58721923828125
1740960435.5222392,3243,52.36873245239258
1740960461.120193,3249,121.71797180175781
1740960529.858176,3265,-4.524744510650635
1740960541.9628873,3268,99.1981430053711
1740960553.8363965,3271,49.553707122802734
1740960564.4358118,3274,68.08442687988281
1740960566.8409698,3275,57.44997024536133
1740960588.0606627,3280,39.671260833740234
1740960643.6254966,3294,259.41363525390625
1740960657.7959137,3297,70.41861724853516
1740960661.0691674,3298,86.386474609375
1740960694.713175,3306,157.3487091064453
1740960725.5344822,3314,92.8960952758789
1740960781.8022237,3327,44.89755630493164
1740960809.9017506,3334,96.84073638916016
1740960835.6069374,3340,260.50518798828125
1740960854.5044758,3345,77.48356628417969
1740960896.690823,3356,164.9368133544922
1740960928.8270614,3364,147.84152221679688
1740960933.3384907,3365,76.79959106445312
1740960955.561439,3370,17.07771873474121
1740960962.3221776,3372,3.2689623832702637
1740960970.2568061,3374,-4.289724349975586
1740960984.3068428,3377,70.14006805419922
1740960993.891532,3379,-5.215867519378662
1740961017.1552289,3384,-5.296773433685303
1740961020.1447217,3385,78.80755615234375
1740961052.5108447,3393,66.5680923461914
1740961057.1205795,3394,41.66411590576172
1740961071.1337483,3397,73.33216094970703
1740961104.0181663,3404,108.28313446044922
1740961117.7449434,3407,56.20026779174805
1740961119.6481504,3408,68.71900177001953
1740961124.308149,3409,138.28915405273438
1740961166.8113804,3418,-4.013367652893066
1740961183.8600888,3422,175.81802368164062
1740961202.6986134,3426,1.0021251440048218
1740961229.1822362,3433,102.95674133300781
1740961233.7537074,3434,33.84943771362305
1740961252.9357135,3439,-3.418363332748413
1740961312.1273665,3454,63.82962417602539
1740961313.5935795,3455,71.37203979492188
1740961332.5139916,3459,85.3371810913086
1740961341.0103586,3461,71.647705078125
1740961368.5719879,3468,-4.133674144744873
1740961384.528718,3472,65.7122802734375
1740961416.1797767,3481,218.33819580078125
1740961419.5851202,3482,84.33561706542969
1740961422.0179358,3483,84.98152923583984
1740961426.6813664,3484,152.8838653564453
1740961431.342357,3485,104.41912078857422
1740961448.8276796,3489,57.93974685668945
1740961458.2035947,3491,88.17778778076172
1740961467.4921544,3493,80.88246154785156
1740961476.7823286,3496,103.00486755371094
1740961491.0742412,3499,-3.5537350177764893
1740961495.7147336,3500,-4.627199649810791
1740961509.6775,3503,6.203967571258545
1740961551.0625467,3514,89.90382385253906
1740961575.1906624,3520,69.2393798828125
1740961601.342889,3526,63.97230529785156
1740961640.4798362,3535,107.59355163574219
1740961645.5019357,3536,-3.9450299739837646
1740961665.9830563,3541,43.01077651977539
1740961679.968819,3544,226.7674102783203
1740961708.2722726,3550,264.13720703125
1740961721.6877816,3554,105.89017486572266
1740961738.564946,3558,99.73267364501953
1740961771.7670693,3566,94.90875244140625
1740961782.0288684,3569,65.23165893554688
1740961807.6512153,3575,106.7293701171875
1740961812.228854,3576,258.20068359375
1740961842.586593,3584,148.27159118652344
1740961852.6824567,3587,94.0014419555664
1740961857.689584,3588,234.7617645263672
1740961869.043501,3591,75.1519546508789
1740961903.8430178,3600,96.94744110107422
1740961956.3880365,3613,47.493141174316406
1740961959.2966318,3614,82.55836486816406
1740961964.3846617,3615,36.02668380737305
1740961968.3628194,3616,103.31517028808594
1740961981.0937316,3619,113.93067932128906
1740962026.1130755,3630,249.57870483398438
1740962131.779679,3654,175.07191467285156
1740962143.9778023,3657,0.3572337329387665
1740962150.8028517,3659,345.1274719238281
1740962160.0577993,3661,289.93359375
1740962173.0041747,3664,128.51246643066406
1740962182.3528554,3666,190.5939483642578
1740962189.7541165,3668,58.25996017456055
1740962203.038858,3671,166.83262634277344
1740962207.685554,3672,156.14964294433594
1740962284.25381,3690,50.9836540222168
1740962321.439628,3700,240.19187927246094
1740962350.1669142,3707,75.3553237915039
1740962368.686951,3711,174.06004333496094
1740962372.1068654,3712,68.2680892944336
1740962387.5090427,3717,62.418888092041016
1740962392.2317944,3718,139.52883911132812
1740962405.8903885,3721,76.5810775756836
1740962447.1831744,3732,63.03977966308594
1740962450.3484304,3733,64.00235748291016
1740962496.8872318,3745,129.99583435058594
1740962501.9870038,3746,172.1125946044922
1740962509.6189287,3748,89.46517181396484
1740962513.4259648,3749,103.59806823730469
1740962524.699968,3752,128.14227294921875
1740962529.4270115,3753,228.73733520507812
1740962534.2056239,3754,65.79903411865234
1740962562.4415913,3761,32.476139068603516
1740962571.7344835,3763,50.820308685302734
1740962581.302763,3765,254.7268524169922
1740962627.4295592,3777,55.748870849609375
1740962639.0033991,3780,64.30547332763672
1740962643.693156,3781,72.7957992553711
1740962647.5676308,3782,177.730224609375
1740962651.9005618,3783,97.72283935546875
1740962666.8345077,3787,29.335847854614258
1740962678.9670494,3790,-3.573904275894165
1740962741.190592,3805,112.78054809570312
1740962750.560302,3807,81.8722915649414
1740962771.5025332,3813,87.67180633544922
1740962780.7626903,3815,60.412479400634766
1740962794.50322,3819,66.83538055419922
1740962812.462894,3823,50.19486618041992
1740962817.0638776,3824,76.9461669921875
1740962874.024692,3839,152.9995880126953
1740962911.2596679,3848,60.47037887573242
1740962919.3512545,3850,147.20506286621094
1740962929.0951302,3852,277.76226806640625
1740962940.655425,3855,75.33836364746094
1740962947.922882,3857,117.56189727783203
1740962954.7657385,3860,72.9170913696289
1740962991.025002,3869,82.53070068359375
1740963004.0852315,3872,131.97415161132812
1740963015.31084,3875,79.03807830810547
1740963101.5936618,3897,-4.694124698638916
1740963118.9421513,3902,29.560361862182617
1740963139.3915298,3908,152.1957244873047
1740963151.3658547,3911,39.74583053588867
1740963169.0813878,3915,63.24248504638672
1740963190.6981912,3921,16.555683135986328
1740963201.931578,3924,36.932701110839844
1740963209.6871514,3926,25.75569725036621
1740963217.493226,3928,79.07543182373047
1740963229.8461423,3931,81.39335632324219
1740963237.523494,3933,69.6136245727539
1740963244.8492825,3936,49.25502395629883
1740963308.57778,3953,94.18467712402344
1740963313.209529,3954,99.26676177978516
1740963324.7312236,3957,40.775848388671875
1740963355.9488642,3965,66.13668823242188
1740963359.3203914,3966,94.68660736083984
1740963395.514493,3975,73.01539611816406
1740963400.2715847,3976,95.4739990234375
1740963421.7243488,3981,140.22671508789062
1740963426.4091883,3982,164.2102508544922
1740963431.102962,3983,14.939861297607422
1740963444.2352984,3986,78.53536987304688
1740963462.7358263,3992,80.63723754882812
1740963479.7644317,3997,62.90517044067383
1740963490.8805358,4000,137.78829956054688
1740963524.6194205,4008,83.90925598144531
1740963542.9935899,4012,210.83921813964844
1740963549.070937,4014,104.2369155883789
1740963578.2708416,4023,81.23509216308594
1740963590.6481953,4028,51.339324951171875
1740963613.772347,4034,53.51290512084961
1740963617.991495,4035,130.4403839111328
1740963640.9535346,4040,131.22195434570312
1740963666.1184115,4047,65.93895721435547
1740963694.2322137,4054,65.6410140991211
1740963718.1356626,4060,10.943349838256836
1740963727.8993716,4063,64.60430908203125
1740963735.7832203,4065,-4.7279887199401855
1740963738.9102886,4066,68.90202331542969
1740963758.6069117,4073,64.96926879882812
1740963785.7803528,4081,77.01771545410156
1740963788.4882002,4082,73.00088500976562
1740963797.8441336,4084,88.62698364257812
1740963813.7810514,4088,64.2730484008789
1740963823.221277,4092,64.908203125
1740963844.211987,4097,63.7718505859375
1740963904.635747,4109,116.8901596069336
1740963929.899022,4115,233.70208740234375
1740963951.7368364,4121,206.03260803222656
1740963962.8192053,4124,280.66973876953125
1740963982.9058092,4130,196.78843688964844
1740964019.866041,4142,56.142391204833984
1740964031.4794624,4146,45.933441162109375
1740964053.9352214,4153,115.01433563232422
1740964060.5408733,4156,36.813297271728516
1740964102.8058176,4167,89.91988372802734
1740964145.8658855,4177,84.82331085205078
1740964148.9143298,4178,181.2699737548828
1740964159.8353295,4181,-5.916358470916748
1740964187.9250462,4187,121.88302612304688
1740964207.3752642,4192,163.5751953125
1740964263.5203807,4207,115.62129974365234
1740964268.5668514,4208,244.9865264892578
1740964301.3314404,4216,69.7613525390625
1740964322.8507977,4221,98.75762176513672
1740964344.5697079,4227,84.96391296386719
1740964351.7949448,4229,66.650390625
1740964354.2548435,4230,67.32159423828125
1740964380.2310224,4236,80.51000213623047
1740964419.8893406,4246,101.13689422607422
1740964432.9580095,4249,151.77102661132812
1740964442.1963906,4251,196.11929321289062
1740964446.8438687,4252,204.07810974121094
1740964451.4539483,4253,190.4811553955078
1740964464.0501273,4257,63.721012115478516
1740964501.404961,4267,93.45262908935547
1740964502.946507,4268,54.67837905883789
1740964511.8858628,4270,45.42852020263672
1740964551.960927,4280,346.2518310546875
1740964556.5854886,4281,19.71737289428711
1740964620.4053779,4298,89.0176010131836
1740964649.7202256,4305,162.2868194580078
1740964666.3331301,4309,104.3807144165039
1740964702.2818375,4318,71.82124328613281
1740964721.651984,4323,101.5543212890625
1740964740.001876,4328,36.88691329956055
1740964765.1525123,4334,204.46380615234375
1740964803.4914289,4343,223.1461944580078
1740964815.8406675,4347,69.29418182373047
1740964832.4675329,4351,25.791748046875
1740964844.604782,4354,37.991905212402344
1740964869.8160055,4360,97.39532470703125
1740964891.8751612,4365,78.3524169921875
1740964916.719713,4371,173.20823669433594
1740964939.0812724,4376,212.92665100097656
1740964951.571101,4379,95.67586517333984
1740964956.1750824,4380,212.21908569335938
1740964984.884731,4387,71.79511260986328
1740965019.8448477,4395,178.2904815673828
1740965050.3000464,4403,299.1982116699219
1740965068.2047668,4407,-5.636775493621826
1740965079.6200366,4410,51.45635986328125
1740965093.6044781,4413,98.15584564208984
1740965098.3300574,4414,127.84451293945312
1740965127.577201,4422,144.3039093017578
1740965135.3627193,4424,152.63934326171875
1740965176.9154313,4435,93.91478729248047
1740965210.709167,4443,244.8981170654297
1740965232.113865,4449,228.04998779296875
1740965250.1987646,4454,97.56305694580078
1740965268.899144,4458,248.0086212158203
1740965303.6500168,4466,167.2630157470703
1740965379.9918144,4489,41.86079025268555
1740965408.1514797,4495,73.30608367919922
1740965426.6829515,4499,-4.693922996520996
1740965496.7683215,4514,344.81573486328125
1740965520.208081,4520,152.785400390625
1740965533.425472,4523,-3.6490535736083984
1740965541.3313508,4525,55.458717346191406
1740965572.2054827,4532,152.9462127685547
1740965580.9034083,4535,57.559104919433594
1740965596.2244124,4539,40.65386199951172
1740965610.4501266,4543,167.0016632080078
1740965613.748822,4544,59.72245407104492
1740965616.7078648,4545,101.99705505371094
1740965626.0040195,4547,222.19802856445312
1740965648.088122,4553,100.77198791503906
1740965674.3465247,4560,18.045358657836914
1740965682.212949,4562,68.35779571533203
1740965690.683876,4564,114.66943359375
1740965707.7094269,4568,74.36380004882812
1740965720.5393705,4571,175.4525604248047
1740965723.5431092,4572,77.82379913330078
1740965732.9290698,4574,219.8573760986328
1740965764.706863,4582,72.73859405517578
1740965793.9265125,4590,54.47856140136719
1740965801.3806877,4592,81.55172729492188
1740965856.553982,4606,79.07038116455078
1740965869.993907,4609,45.56010437011719
1740965883.0920372,4612,169.62147521972656
1740965929.9917,4622,28.33102035522461
1740965947.7615213,4626,169.86094665527344
1740965958.1370392,4629,191.55679321289062
1740966018.8004596,4644,106.36380004882812
1740966042.426604,4649,46.8548583984375
1740966044.5218477,4650,82.03546905517578
1740966056.2842894,4654,67.55482482910156
1740966068.3800373,4658,58.53800964355469
1740966070.4191613,4659,45.27204513549805
1740966073.3715649,4660,116.63642120361328
1740966082.1724834,4662,178.14901733398438
1740966103.3412375,4667,59.26266860961914
1740966108.0321636,4668,132.44943237304688
1740966110.9744601,4669,156.99664306640625
1740966142.4377189,4678,109.1257553100586
1740966175.458174,4686,228.12608337402344
1740966193.891291,4690,145.6387176513672
1740966203.3991513,4692,-4.816309928894043
1740966220.7579365,4698,64.07138061523438
1740966253.0601523,4706,73.33856964111328
1740966257.7378654,4707,80.04920196533203
1740966278.4450963,4713,122.85713958740234
1740966290.1771085,4716,74.46956634521484
1740966315.7947962,4724,236.47467041015625
1740966320.5035248,4725,123.2588119506836
1740966341.4768274,4730,62.67081832885742
1740966349.8238018,4733,57.75687789916992
1740966352.5678046,4734,53.66679000854492
1740966362.4895837,4737,60.75202941894531
1740966373.6223047,4740,53.28108215332031
1740966385.196774,4743,121.64656829833984
1740966434.1306276,4755,266.8918762207031
1740966447.6366625,4759,53.35350799560547
1740966473.9051054,4766,206.9674072265625
1740966493.103191,4772,74.68648529052734
1740966505.1144712,4775,221.81971740722656
1740966509.8017957,4776,202.62107849121094
1740966514.4867964,4777,131.6922607421875
1740966526.1200612,4780,108.45567321777344
1740966530.9084728,4781,47.71479034423828
1740966560.2861812,4788,192.5091552734375
1740966564.5784588,4790,58.394981384277344
1740966572.546275,4792,91.4912338256836
1740966594.5390131,4798,102.06327056884766
1740966613.6865375,4803,64.94055938720703
1740966616.6107042,4804,57.95875930786133
1740966629.63999,4807,209.61085510253906
1740966643.7151148,4810,-5.046873569488525
1740966648.8871655,4812,53.86883544921875
1740966656.5018065,4814,77.3208236694336
1740966684.810222,4822,114.56585693359375
1740966714.4624224,4830,-5.18986177444458
1740966721.552036,4832,345.22222900390625
1740966726.580398,4834,70.69619750976562
1740966727.9485645,4835,51.47018814086914
1740966732.6838777,4836,220.2060546875
1740966755.2957852,4843,150.66598510742188
1740966758.2967591,4844,61.17423629760742
1740966834.3457758,4862,151.14511108398438
1740966844.746382,4865,80.06261444091797
1740966888.0022573,4876,173.1991424560547
1740966913.8153303,4882,130.06494140625
1740966966.6673698,4895,230.0231170654297
1740966989.81991,4901,136.43922424316406
1740966992.6423576,4902,72.69489288330078
1740967017.4655728,4908,261.6128234863281
1740967024.785992,4910,112.65184783935547
1740967043.7545125,4914,239.28611755371094
1740967088.4605756,4925,179.06895446777344
1740967096.512587,4927,68.47985076904297
1740967105.854147,4929,220.20252990722656
1740967119.6300044,4933,36.88076400756836
1740967127.8106556,4935,138.10060119628906
1740967148.493238,4940,60.34378433227539
1740967167.047349,4944,63.972835540771484
1740967188.740369,4949,267.9186706542969
1740967302.9851894,4978,38.22870635986328
1740967310.4769726,4980,168.1134796142578
1740967344.2515986,4989,62.012516021728516
1740967348.8511493,4990,81.67329406738281
1740967353.507485,4991,170.61495971679688
1740967388.0595984,4999,67.27606201171875
